{"BTCUSDT": {"ratio": 1.0162942270898883}, "NEARUSDT": {"ratio": 1.0484142791481539}, "THEUSDT": {"ratio": 1.262966455610939}, "PEPEUSDT": {"ratio": 1.048780487804878}, "DOGSUSDT": {"ratio": 1.0451505016722409}, "ETHUSDT": {"ratio": 1.0236370011922296}, "SHIBUSDT": {"ratio": 1.0490822027134876}, "ARBUSDT": {"ratio": 1.061208791208791}}