{"BTCUSDT": {"ratio": 1.0162942270898883}, "NEARUSDT": {"ratio": 1.0484142791481539}, "THEUSDT": {"ratio": 1.2942206654991244}}